PatientCode,Location,Date Of Birth,Health Habits,Lifestyle,Gender Assigned At Birth,Diet,Socioeconomic Status,Recall Frequency,Health Concerns,Date of Last visit,Referral Source2,Hobbies,How long have they been in UAE,Occupation,Preferred Method of Comms,Purchased Product
2000001,Sharjah,10/9/1991,Exercise,HEALTHY,Female,Vegan,Low,3 Months,None,6/23/24 15:30,External Referral,,,,,Roze TB Junior
2000002,Fujairah,9/19/1994,Healthy Diet,UNHEALTHY,Male,Vegetarian,Medium,6 Months,Heart,10/20/23 14:30,,,,,,Roze TB Nano
2000003,Fujairah,2/18/1992,Healthy Diet,BUSY,Female,Vegetarian,Medium,6 Months,Heart,,,,,,,Roze TB Nano
2000004,Ras Al Khaimah,3/8/1979,Meal Planning,HECTIC,Female,Carnivore,High,Yearly,None,5/31/22 14:00,External Referral,,1,Manager,,Roze Toothpaste
2000005,Fujairah,7/2/1986,Healthy Diet,ACTIVE,Female,Vegetarian,Medium,6 Months,Heart,12/29/23 11:00,Jumeirah,,,Actress,Whatsapp,Roze TB Nano
2000006,Ras Al Khaimah,6/28/1984,Meal Planning,HEALTHY,Female,Carnivore,High,Yearly,None,9/27/24 13:00,DRA Staff,,11 years (2020),,,Roze Toothpaste
2000007,Ras Al Khaimah,3/31/1984,Meal Planning,UNHEALTHY,Male,Carnivore,High,Yearly,None,9/18/24 12:00,DRA Staff,,,,,Roze Toothpaste
2000008,Fujairah,2/16/1977,Healthy Diet,BUSY,Male,Vegetarian,Medium,6 Months,Heart,9/26/22 14:00,Works in DIFC,,,Model,,Roze TB Nano
2000009,Fujairah,1/3/2000,Healthy Diet,HECTIC,Female,Vegetarian,Medium,6 Months,Heart,9/28/20 15:30,DRA Staff,Travelling,,Model,,Roze TB Nano
